X,CH1,CH2,Start,Increment,
Sequence,Volt,Volt,-1.400000e-02,2.000000e-05,
0,3.360000e+00,4.400000e+00,
1,3.040000e+00,4.640000e+00,
2,3.360000e+00,4.400000e+00,
3,3.040000e+00,4.640000e+00,
4,3.200000e+00,4.480000e+00,
5,2.960000e+00,4.720000e+00,
6,2.400000e+00,4.160000e+00,
7,3.600000e+00,5.200000e+00,
8,2.960000e+00,4.800000e+00,
9,2.640000e+00,4.400000e+00,
10,2.800000e+00,4.640000e+00,
11,2.560000e+00,4.800000e+00,
12,2.400000e+00,4.880000e+00,
13,2.800000e+00,4.480000e+00,
14,2.560000e+00,4.640000e+00,
15,2.320000e+00,4.800000e+00,
16,2.480000e+00,4.800000e+00,
17,2.160000e+00,4.640000e+00,
18,2.320000e+00,4.800000e+00,
19,2.000000e+00,4.640000e+00,
20,2.160000e+00,4.800000e+00,
21,1.920000e+00,4.640000e+00,
22,2.000000e+00,4.800000e+00,
23,1.760000e+00,4.560000e+00,
24,1.840000e+00,4.560000e+00,
25,1.600000e+00,4.800000e+00,
26,1.680000e+00,4.720000e+00,
27,1.440000e+00,4.480000e+00,
28,1.520000e+00,4.480000e+00,
29,1.280000e+00,4.720000e+00,
30,1.440000e+00,4.640000e+00,
31,1.120000e+00,4.400000e+00,
32,1.200000e+00,4.560000e+00,
33,8.800000e-01,4.400000e+00,
34,1.040000e+00,4.480000e+00,
35,7.200000e-01,4.320000e+00,
36,8.800000e-01,4.400000e+00,
37,5.600000e-01,4.240000e+00,
38,7.200000e-01,4.160000e+00,
39,4.000000e-01,4.400000e+00,
40,5.600000e-01,4.320000e+00,
41,8.000000e-02,3.920000e+00,
42,3.200000e-01,4.160000e+00,
43,0.000000e+00,3.920000e+00,
44,1.600000e-01,4.080000e+00,
45,-1.600000e-01,3.840000e+00,
46,-8.000000e-02,4.000000e+00,
47,-4.000000e-01,3.760000e+00,
48,-3.200000e-01,3.840000e+00,
49,-5.600000e-01,3.600000e+00,
50,-4.800000e-01,3.760000e+00,
51,-8.000000e-01,3.520000e+00,
52,-6.400000e-01,3.680000e+00,
53,-9.600000e-01,3.440000e+00,
54,-8.000000e-01,3.600000e+00,
55,-1.120000e+00,3.280000e+00,
56,-1.040000e+00,3.440000e+00,
57,-1.280000e+00,3.200000e+00,
58,-1.200000e+00,3.360000e+00,
59,-1.520000e+00,3.040000e+00,
60,-1.360000e+00,3.200000e+00,
61,-1.680000e+00,2.960000e+00,
62,-2.160000e+00,2.480000e+00,
63,-1.200000e+00,3.440000e+00,
64,-1.680000e+00,2.960000e+00,
65,-2.000000e+00,2.720000e+00,
66,-1.840000e+00,2.880000e+00,
67,-2.080000e+00,2.560000e+00,
68,-2.000000e+00,2.720000e+00,
69,-2.240000e+00,2.400000e+00,
70,-2.080000e+00,2.560000e+00,
71,-2.400000e+00,2.320000e+00,
72,-2.240000e+00,2.480000e+00,
73,-2.560000e+00,2.160000e+00,
74,-2.400000e+00,2.320000e+00,
75,-2.640000e+00,2.080000e+00,
76,-2.480000e+00,2.160000e+00,
77,-2.800000e+00,1.920000e+00,
78,-2.640000e+00,2.000000e+00,
79,-2.880000e+00,1.760000e+00,
80,-2.720000e+00,1.840000e+00,
81,-3.040000e+00,1.520000e+00,
82,-2.880000e+00,1.760000e+00,
83,-3.120000e+00,1.440000e+00,
84,-3.040000e+00,1.520000e+00,
85,-3.280000e+00,1.280000e+00,
86,-3.120000e+00,1.360000e+00,
87,-3.360000e+00,1.040000e+00,
88,-3.200000e+00,1.200000e+00,
89,-3.600000e+00,7.200000e-01,
90,-3.760000e+00,6.400000e-01,
91,-3.040000e+00,1.280000e+00,
92,-3.440000e+00,8.000000e-01,
93,-3.680000e+00,5.600000e-01,
94,-3.360000e+00,8.000000e-01,
95,-4.000000e+00,2.400000e-01,
96,-3.680000e+00,4.800000e-01,
97,-3.920000e+00,1.600000e-01,
98,-3.760000e+00,2.400000e-01,
99,-4.000000e+00,-8.000000e-02,
100,-4.240000e+00,-2.400000e-01,
101,-3.680000e+00,1.600000e-01,
102,-4.400000e+00,-4.800000e-01,
103,-3.840000e+00,0.000000e+00,
104,-4.400000e+00,-3.200000e-01,
105,-4.000000e+00,-7.200000e-01,
106,-4.160000e+00,-4.800000e-01,
107,-4.400000e+00,-8.000000e-01,
108,-4.240000e+00,-6.400000e-01,
109,-4.480000e+00,-1.040000e+00,
110,-4.720000e+00,-8.000000e-01,
111,-4.160000e+00,-1.360000e+00,
112,-4.320000e+00,-1.040000e+00,
113,-4.560000e+00,-1.360000e+00,
114,-4.400000e+00,-1.200000e+00,
115,-4.640000e+00,-1.520000e+00,
116,-4.640000e+00,-1.360000e+00,
117,-4.400000e+00,-1.680000e+00,
118,-4.480000e+00,-1.520000e+00,
119,-4.720000e+00,-1.920000e+00,
120,-4.560000e+00,-1.680000e+00,
121,-4.720000e+00,-2.000000e+00,
122,-4.560000e+00,-1.840000e+00,
123,-4.720000e+00,-2.160000e+00,
124,-4.720000e+00,-2.000000e+00,
125,-4.560000e+00,-2.320000e+00,
126,-4.720000e+00,-2.160000e+00,
127,-4.560000e+00,-2.400000e+00,
128,-4.560000e+00,-2.320000e+00,
129,-4.800000e+00,-2.560000e+00,
130,-4.320000e+00,-2.800000e+00,
131,-4.880000e+00,-2.320000e+00,
132,-4.720000e+00,-2.560000e+00,
133,-4.480000e+00,-2.800000e+00,
134,-4.640000e+00,-2.640000e+00,
135,-4.480000e+00,-2.960000e+00,
136,-4.640000e+00,-2.800000e+00,
137,-4.400000e+00,-3.040000e+00,
138,-4.400000e+00,-2.960000e+00,
139,-4.640000e+00,-3.200000e+00,
140,-4.560000e+00,-3.040000e+00,
141,-4.320000e+00,-3.280000e+00,
142,-4.480000e+00,-3.200000e+00,
143,-4.320000e+00,-3.440000e+00,
144,-4.400000e+00,-3.280000e+00,
145,-4.240000e+00,-3.520000e+00,
146,-4.320000e+00,-3.360000e+00,
147,-4.160000e+00,-3.680000e+00,
148,-4.320000e+00,-3.520000e+00,
149,-4.080000e+00,-3.760000e+00,
150,-4.240000e+00,-3.600000e+00,
151,-4.000000e+00,-3.840000e+00,
152,-4.240000e+00,-3.680000e+00,
153,-3.920000e+00,-4.000000e+00,
154,-4.000000e+00,-3.840000e+00,
155,-3.760000e+00,-4.080000e+00,
156,-3.920000e+00,-3.760000e+00,
157,-3.600000e+00,-4.240000e+00,
158,-3.440000e+00,-3.840000e+00,
159,-4.160000e+00,-4.480000e+00,
160,-3.680000e+00,-4.080000e+00,
161,-3.440000e+00,-4.320000e+00,
162,-3.600000e+00,-4.160000e+00,
163,-3.360000e+00,-4.400000e+00,
164,-3.520000e+00,-4.240000e+00,
165,-3.200000e+00,-4.480000e+00,
166,-3.360000e+00,-4.320000e+00,
167,-3.120000e+00,-4.560000e+00,
168,-3.280000e+00,-4.400000e+00,
169,-2.960000e+00,-4.560000e+00,
170,-3.120000e+00,-4.400000e+00,
171,-2.880000e+00,-4.640000e+00,
172,-3.040000e+00,-4.480000e+00,
173,-2.720000e+00,-4.640000e+00,
174,-2.880000e+00,-4.480000e+00,
175,-2.640000e+00,-4.720000e+00,
176,-2.720000e+00,-4.560000e+00,
177,-2.400000e+00,-4.800000e+00,
178,-2.720000e+00,-4.800000e+00,
179,-2.320000e+00,-4.400000e+00,
180,-2.560000e+00,-4.880000e+00,
181,-2.080000e+00,-4.480000e+00,
182,-2.400000e+00,-4.560000e+00,
183,-2.080000e+00,-4.800000e+00,
184,-2.240000e+00,-4.560000e+00,
185,-1.920000e+00,-4.800000e+00,
186,-2.080000e+00,-4.720000e+00,
187,-1.760000e+00,-4.560000e+00,
188,-1.920000e+00,-4.560000e+00,
189,-1.600000e+00,-4.720000e+00,
190,-1.760000e+00,-4.480000e+00,
191,-1.440000e+00,-4.720000e+00,
192,-1.680000e+00,-4.640000e+00,
193,-1.280000e+00,-4.400000e+00,
194,-1.440000e+00,-4.400000e+00,
195,-1.120000e+00,-4.640000e+00,
196,-1.280000e+00,-4.560000e+00,
197,-9.600000e-01,-4.320000e+00,
198,-8.000000e-01,-4.160000e+00,
199,-1.280000e+00,-4.640000e+00,
200,-9.600000e-01,-4.400000e+00,
201,-6.400000e-01,-4.160000e+00,
202,-8.000000e-01,-4.320000e+00,
203,-4.000000e-01,-4.080000e+00,
204,-5.600000e-01,-4.240000e+00,
205,-2.400000e-01,-4.000000e+00,
206,-4.000000e-01,-4.160000e+00,
207,-8.000000e-02,-3.920000e+00,
208,-1.600000e-01,-4.080000e+00,
209,1.600000e-01,-3.840000e+00,
210,0.000000e+00,-4.000000e+00,
211,3.200000e-01,-3.680000e+00,
212,1.600000e-01,-3.840000e+00,
213,4.800000e-01,-3.600000e+00,
214,4.000000e-01,-3.760000e+00,
215,7.200000e-01,-3.520000e+00,
216,5.600000e-01,-3.680000e+00,
217,8.800000e-01,-3.440000e+00,
218,7.200000e-01,-3.600000e+00,
219,1.200000e+00,-3.200000e+00,
220,8.800000e-01,-3.440000e+00,
221,1.200000e+00,-3.200000e+00,
222,1.120000e+00,-3.360000e+00,
223,1.440000e+00,-3.040000e+00,
224,1.280000e+00,-3.280000e+00,
225,1.520000e+00,-2.960000e+00,
226,1.440000e+00,-3.200000e+00,
227,1.760000e+00,-2.720000e+00,
228,1.520000e+00,-3.120000e+00,
229,2.000000e+00,-2.640000e+00,
230,1.760000e+00,-2.880000e+00,
231,2.080000e+00,-2.640000e+00,
232,1.920000e+00,-2.720000e+00,
233,2.160000e+00,-2.480000e+00,
234,2.080000e+00,-2.640000e+00,
235,2.320000e+00,-2.320000e+00,
236,2.160000e+00,-2.480000e+00,
237,2.480000e+00,-2.240000e+00,
238,2.320000e+00,-2.400000e+00,
239,2.560000e+00,-2.080000e+00,
240,2.400000e+00,-2.240000e+00,
241,2.720000e+00,-1.920000e+00,
242,2.560000e+00,-2.080000e+00,
243,2.960000e+00,-1.680000e+00,
244,2.720000e+00,-2.000000e+00,
245,2.960000e+00,-1.680000e+00,
246,2.720000e+00,-1.840000e+00,
247,3.120000e+00,-1.440000e+00,
248,2.960000e+00,-1.600000e+00,
249,3.200000e+00,-1.280000e+00,
250,3.040000e+00,-1.440000e+00,
251,3.440000e+00,-1.040000e+00,
252,3.040000e+00,-1.440000e+00,
253,3.440000e+00,-9.600000e-01,
254,3.280000e+00,-1.120000e+00,
255,3.600000e+00,-8.000000e-01,
256,3.360000e+00,-9.600000e-01,
257,3.840000e+00,-4.800000e-01,
258,3.520000e+00,-7.200000e-01,
259,3.760000e+00,-4.000000e-01,
260,3.680000e+00,-5.600000e-01,
261,3.920000e+00,-2.400000e-01,
262,3.760000e+00,-4.000000e-01,
263,4.000000e+00,-8.000000e-02,
264,3.840000e+00,-1.600000e-01,
265,4.080000e+00,1.600000e-01,
266,3.920000e+00,0.000000e+00,
267,4.240000e+00,3.200000e-01,
268,4.000000e+00,1.600000e-01,
269,4.320000e+00,5.600000e-01,
270,4.080000e+00,4.000000e-01,
271,4.320000e+00,7.200000e-01,
272,4.160000e+00,5.600000e-01,
273,4.400000e+00,8.800000e-01,
274,4.160000e+00,7.200000e-01,
275,4.640000e+00,1.200000e+00,
276,4.080000e+00,1.280000e+00,
277,4.720000e+00,7.200000e-01,
278,4.400000e+00,1.120000e+00,
279,4.560000e+00,1.440000e+00,
280,4.400000e+00,1.280000e+00,
281,4.640000e+00,1.600000e+00,
282,4.480000e+00,1.440000e+00,
283,4.720000e+00,1.760000e+00,
284,4.720000e+00,1.600000e+00,
285,4.480000e+00,1.920000e+00,
286,4.560000e+00,1.760000e+00,
287,4.720000e+00,2.080000e+00,
288,4.720000e+00,1.920000e+00,
289,4.560000e+00,2.240000e+00,
290,4.480000e+00,1.920000e+00,
291,4.800000e+00,2.400000e+00,
292,4.560000e+00,2.240000e+00,
293,4.800000e+00,2.480000e+00,
294,4.720000e+00,2.320000e+00,
295,4.560000e+00,2.640000e+00,
296,4.720000e+00,2.480000e+00,
297,4.560000e+00,2.720000e+00,
298,4.240000e+00,2.400000e+00,
299,5.040000e+00,3.200000e+00,
300,4.960000e+00,3.040000e+00,
301,4.240000e+00,2.480000e+00,
302,4.640000e+00,2.800000e+00,
303,4.480000e+00,3.120000e+00,
304,4.640000e+00,2.960000e+00,
305,4.400000e+00,3.200000e+00,
306,4.720000e+00,3.440000e+00,
307,4.240000e+00,3.040000e+00,
308,4.560000e+00,3.200000e+00,
309,4.320000e+00,3.440000e+00,
310,4.480000e+00,3.360000e+00,
311,4.240000e+00,3.520000e+00,
312,4.400000e+00,3.440000e+00,
313,4.160000e+00,3.680000e+00,
314,4.320000e+00,3.520000e+00,
315,4.080000e+00,3.760000e+00,
316,4.400000e+00,3.600000e+00,
317,4.000000e+00,3.840000e+00,
318,4.160000e+00,3.760000e+00,
319,3.920000e+00,4.000000e+00,
320,4.080000e+00,3.840000e+00,
321,3.840000e+00,4.080000e+00,
322,4.000000e+00,3.920000e+00,
323,3.680000e+00,4.160000e+00,
324,3.360000e+00,3.760000e+00,
325,4.240000e+00,4.560000e+00,
326,3.760000e+00,4.080000e+00,
327,3.520000e+00,4.320000e+00,
328,3.680000e+00,4.160000e+00,
329,3.440000e+00,4.400000e+00,
330,3.120000e+00,4.080000e+00,
331,3.680000e+00,4.560000e+00,
332,3.440000e+00,4.320000e+00,
333,3.200000e+00,4.560000e+00,
334,3.360000e+00,4.400000e+00,
335,3.120000e+00,4.560000e+00,
336,3.200000e+00,4.400000e+00,
337,2.960000e+00,4.640000e+00,
338,3.200000e+00,4.800000e+00,
339,2.720000e+00,4.320000e+00,
340,2.960000e+00,4.480000e+00,
341,2.720000e+00,4.720000e+00,
342,2.880000e+00,4.720000e+00,
343,2.560000e+00,4.560000e+00,
344,2.720000e+00,4.720000e+00,
345,2.480000e+00,4.560000e+00,
346,2.640000e+00,4.800000e+00,
347,2.320000e+00,4.560000e+00,
348,2.480000e+00,4.800000e+00,
349,2.240000e+00,4.560000e+00,
350,2.320000e+00,4.640000e+00,
351,2.080000e+00,4.800000e+00,
352,2.160000e+00,4.800000e+00,
353,1.920000e+00,4.560000e+00,
354,2.080000e+00,4.720000e+00,
355,1.760000e+00,4.560000e+00,
356,1.920000e+00,4.720000e+00,
357,1.600000e+00,4.480000e+00,
358,1.840000e+00,4.720000e+00,
359,1.440000e+00,4.400000e+00,
360,1.600000e+00,4.640000e+00,
361,1.280000e+00,4.400000e+00,
362,1.440000e+00,4.400000e+00,
363,1.120000e+00,4.640000e+00,
364,1.280000e+00,4.560000e+00,
365,9.600000e-01,4.320000e+00,
366,1.120000e+00,4.480000e+00,
367,7.200000e-01,4.240000e+00,
368,4.800000e-01,4.000000e+00,
369,1.040000e+00,4.560000e+00,
370,7.200000e-01,4.320000e+00,
371,4.000000e-01,4.080000e+00,
372,5.600000e-01,4.240000e+00,
373,2.400000e-01,4.000000e+00,
374,3.200000e-01,4.160000e+00,
375,0.000000e+00,3.920000e+00,
376,1.600000e-01,4.080000e+00,
377,-2.400000e-01,3.760000e+00,
378,0.000000e+00,3.760000e+00,
379,-4.000000e-01,4.080000e+00,
380,-2.400000e-01,3.840000e+00,
381,-5.600000e-01,3.600000e+00,
382,-4.000000e-01,3.840000e+00,
383,-7.200000e-01,3.440000e+00,
384,-6.400000e-01,3.680000e+00,
385,-9.600000e-01,3.440000e+00,
386,-8.000000e-01,3.520000e+00,
387,-1.120000e+00,3.360000e+00,
388,-9.600000e-01,3.440000e+00,
389,-1.280000e+00,3.200000e+00,
390,-1.120000e+00,3.360000e+00,
391,-1.440000e+00,3.120000e+00,
392,-1.280000e+00,3.200000e+00,
393,-1.600000e+00,2.960000e+00,
394,-1.440000e+00,3.120000e+00,
395,-1.760000e+00,2.800000e+00,
396,-1.600000e+00,2.960000e+00,
397,-1.920000e+00,2.720000e+00,
398,-1.760000e+00,2.880000e+00,
399,-2.080000e+00,2.560000e+00,
400,-1.920000e+00,2.720000e+00,
401,-2.240000e+00,2.480000e+00,
402,-2.080000e+00,2.640000e+00,
403,-2.400000e+00,2.320000e+00,
404,-2.240000e+00,2.480000e+00,
405,-2.560000e+00,2.240000e+00,
406,-2.320000e+00,2.400000e+00,
407,-2.720000e+00,2.000000e+00,
408,-2.480000e+00,2.160000e+00,
409,-2.800000e+00,1.920000e+00,
410,-2.640000e+00,2.080000e+00,
411,-2.960000e+00,1.760000e+00,
412,-2.720000e+00,1.840000e+00,
413,-3.040000e+00,1.600000e+00,
414,-2.880000e+00,1.760000e+00,
415,-3.200000e+00,1.440000e+00,
416,-3.040000e+00,1.520000e+00,
417,-3.280000e+00,1.280000e+00,
418,-3.120000e+00,1.360000e+00,
419,-3.360000e+00,1.120000e+00,
420,-3.280000e+00,1.200000e+00,
421,-3.520000e+00,8.800000e-01,
422,-3.360000e+00,1.040000e+00,
423,-3.600000e+00,7.200000e-01,
424,-3.440000e+00,8.800000e-01,
425,-3.680000e+00,5.600000e-01,
426,-3.600000e+00,6.400000e-01,
427,-3.840000e+00,3.200000e-01,
428,-3.680000e+00,4.800000e-01,
429,-3.920000e+00,1.600000e-01,
430,-3.760000e+00,2.400000e-01,
431,-4.080000e+00,-8.000000e-02,
432,-3.920000e+00,8.000000e-02,
433,-4.080000e+00,-2.400000e-01,
434,-4.000000e+00,-8.000000e-02,
435,-4.240000e+00,-4.000000e-01,
436,-4.080000e+00,-2.400000e-01,
437,-4.320000e+00,-6.400000e-01,
438,-4.160000e+00,-4.800000e-01,
439,-4.400000e+00,-8.000000e-01,
440,-4.240000e+00,-6.400000e-01,
441,-4.400000e+00,-1.040000e+00,
442,-4.320000e+00,-8.000000e-01,
443,-4.480000e+00,-1.200000e+00,
444,-4.320000e+00,-1.040000e+00,
445,-4.640000e+00,-1.440000e+00,
446,-4.720000e+00,-1.520000e+00,
447,-4.320000e+00,-1.120000e+00,
448,-4.400000e+00,-1.360000e+00,
449,-4.640000e+00,-1.680000e+00,
450,-4.880000e+00,-1.440000e+00,
451,-4.240000e+00,-2.000000e+00,
452,-4.560000e+00,-1.680000e+00,
453,-4.720000e+00,-2.000000e+00,
454,-4.560000e+00,-1.840000e+00,
455,-4.720000e+00,-2.160000e+00,
456,-4.720000e+00,-2.000000e+00,
457,-4.560000e+00,-2.320000e+00,
458,-4.720000e+00,-2.160000e+00,
459,-4.560000e+00,-2.400000e+00,
460,-4.720000e+00,-2.240000e+00,
461,-4.560000e+00,-2.560000e+00,
462,-4.720000e+00,-2.400000e+00,
463,-4.560000e+00,-2.640000e+00,
464,-4.560000e+00,-2.480000e+00,
465,-4.720000e+00,-2.800000e+00,
466,-4.720000e+00,-2.640000e+00,
467,-4.480000e+00,-2.960000e+00,
468,-4.640000e+00,-2.720000e+00,
469,-4.400000e+00,-3.040000e+00,
470,-4.640000e+00,-2.880000e+00,
471,-4.400000e+00,-3.200000e+00,
472,-4.560000e+00,-3.040000e+00,
473,-4.320000e+00,-3.280000e+00,
474,-4.560000e+00,-3.120000e+00,
475,-4.240000e+00,-3.520000e+00,
476,-4.560000e+00,-3.520000e+00,
477,-4.160000e+00,-3.120000e+00,
478,-4.400000e+00,-3.360000e+00,
479,-4.160000e+00,-3.600000e+00,
480,-4.320000e+00,-3.440000e+00,
481,-4.080000e+00,-3.760000e+00,
482,-4.240000e+00,-3.600000e+00,
483,-4.000000e+00,-3.840000e+00,
484,-4.160000e+00,-3.680000e+00,
485,-3.920000e+00,-3.920000e+00,
486,-4.080000e+00,-3.760000e+00,
487,-3.840000e+00,-4.000000e+00,
488,-3.920000e+00,-3.920000e+00,
489,-3.680000e+00,-4.160000e+00,
490,-3.840000e+00,-4.000000e+00,
491,-3.600000e+00,-4.240000e+00,
492,-3.760000e+00,-4.080000e+00,
493,-3.520000e+00,-4.320000e+00,
494,-3.600000e+00,-4.160000e+00,
495,-3.360000e+00,-4.400000e+00,
496,-3.120000e+00,-4.000000e+00,
497,-3.680000e+00,-4.560000e+00,
498,-3.440000e+00,-4.320000e+00,
499,-3.200000e+00,-4.480000e+00,
500,-3.280000e+00,-4.320000e+00,
501,-3.040000e+00,-4.560000e+00,
502,-3.200000e+00,-4.400000e+00,
503,-2.960000e+00,-4.640000e+00,
504,-3.120000e+00,-4.480000e+00,
505,-2.800000e+00,-4.640000e+00,
506,-2.960000e+00,-4.480000e+00,
507,-2.720000e+00,-4.720000e+00,
508,-2.800000e+00,-4.720000e+00,
509,-2.560000e+00,-4.560000e+00,
510,-2.720000e+00,-4.560000e+00,
511,-2.400000e+00,-4.800000e+00,
512,-2.560000e+00,-4.800000e+00,
513,-2.320000e+00,-4.560000e+00,
514,-2.400000e+00,-4.640000e+00,
515,-2.160000e+00,-4.800000e+00,
516,-2.400000e+00,-4.960000e+00,
517,-1.920000e+00,-4.480000e+00,
518,-2.240000e+00,-4.880000e+00,
519,-1.840000e+00,-4.480000e+00,
520,-2.000000e+00,-4.560000e+00,
521,-1.760000e+00,-4.800000e+00,
522,-1.600000e+00,-4.480000e+00,
523,-2.000000e+00,-4.880000e+00,
524,-1.760000e+00,-4.720000e+00,
525,-1.440000e+00,-4.480000e+00,
526,-1.520000e+00,-4.640000e+00,
527,-1.200000e+00,-4.480000e+00,
528,-1.360000e+00,-4.640000e+00,
529,-1.040000e+00,-4.400000e+00,
530,-1.200000e+00,-4.560000e+00,
531,-8.800000e-01,-4.320000e+00,
532,-1.040000e+00,-4.480000e+00,
533,-7.200000e-01,-4.240000e+00,
534,-8.000000e-01,-4.400000e+00,
535,-5.600000e-01,-4.240000e+00,
536,-6.400000e-01,-4.320000e+00,
537,-3.200000e-01,-4.080000e+00,
538,-4.800000e-01,-4.240000e+00,
539,-8.000000e-02,-4.000000e+00,
540,-2.400000e-01,-4.160000e+00,
541,8.000000e-02,-3.920000e+00,
542,-8.000000e-02,-4.080000e+00,
543,2.400000e-01,-3.840000e+00,
544,5.600000e-01,-3.600000e+00,
545,8.000000e-02,-4.080000e+00,
546,3.200000e-01,-3.840000e+00,
547,6.400000e-01,-3.600000e+00,
548,4.800000e-01,-3.760000e+00,
549,8.800000e-01,-3.520000e+00,
550,7.200000e-01,-3.680000e+00,
551,1.040000e+00,-3.360000e+00,
552,8.800000e-01,-3.520000e+00,
553,1.200000e+00,-3.280000e+00,
554,1.120000e+00,-3.440000e+00,
555,1.360000e+00,-3.120000e+00,
556,1.760000e+00,-2.880000e+00,
557,9.600000e-01,-3.600000e+00,
558,1.440000e+00,-3.200000e+00,
559,1.760000e+00,-2.960000e+00,
560,1.520000e+00,-3.120000e+00,
561,1.920000e+00,-2.800000e+00,
562,1.760000e+00,-2.960000e+00,
563,2.080000e+00,-2.640000e+00,
564,1.920000e+00,-2.800000e+00,
565,2.240000e+00,-2.560000e+00,
566,2.080000e+00,-2.720000e+00,
567,2.320000e+00,-2.400000e+00,
568,2.160000e+00,-2.560000e+00,
569,2.480000e+00,-2.240000e+00,
570,2.240000e+00,-2.560000e+00,
571,2.800000e+00,-1.920000e+00,
572,2.480000e+00,-2.240000e+00,
573,2.800000e+00,-2.000000e+00,
574,3.200000e+00,-1.600000e+00,
575,2.480000e+00,-2.240000e+00,
576,2.720000e+00,-2.000000e+00,
577,3.040000e+00,-1.680000e+00,
578,2.880000e+00,-1.760000e+00,
579,3.120000e+00,-1.520000e+00,
580,2.960000e+00,-1.680000e+00,
581,3.360000e+00,-1.280000e+00,
582,3.120000e+00,-1.440000e+00,
583,3.360000e+00,-1.120000e+00,
584,3.200000e+00,-1.280000e+00,
585,3.520000e+00,-9.600000e-01,
586,3.360000e+00,-1.120000e+00,
587,3.680000e+00,-7.200000e-01,
588,3.440000e+00,-9.600000e-01,
589,3.920000e+00,-4.000000e-01,
590,3.360000e+00,-8.800000e-01,
591,4.080000e+00,-3.200000e-01,
592,3.680000e+00,-5.600000e-01,
593,4.000000e+00,-1.600000e-01,
594,3.760000e+00,-3.200000e-01,
595,4.080000e+00,0.000000e+00,
596,3.920000e+00,-1.600000e-01,
597,4.160000e+00,2.400000e-01,
598,4.000000e+00,8.000000e-02,
599,4.240000e+00,4.000000e-01,
600,4.080000e+00,2.400000e-01,
601,4.320000e+00,5.600000e-01,
602,4.160000e+00,4.800000e-01,
603,4.400000e+00,8.000000e-01,
604,4.240000e+00,6.400000e-01,
605,4.480000e+00,9.600000e-01,
606,4.480000e+00,8.000000e-01,
607,4.320000e+00,1.120000e+00,
608,4.320000e+00,1.040000e+00,
609,4.640000e+00,1.280000e+00,
610,4.080000e+00,8.800000e-01,
611,4.960000e+00,1.680000e+00,
612,4.480000e+00,1.360000e+00,
613,4.720000e+00,1.680000e+00,
614,4.800000e+00,1.440000e+00,
615,4.400000e+00,1.840000e+00,
616,4.720000e+00,1.680000e+00,
617,4.560000e+00,2.000000e+00,
618,4.560000e+00,1.840000e+00,
619,4.800000e+00,2.160000e+00,
620,4.800000e+00,2.000000e+00,
621,4.560000e+00,2.320000e+00,
622,4.800000e+00,2.160000e+00,
623,4.560000e+00,2.480000e+00,
624,4.800000e+00,2.320000e+00,
625,4.560000e+00,2.560000e+00,
626,4.800000e+00,2.400000e+00,
627,4.560000e+00,2.720000e+00,
628,4.720000e+00,2.560000e+00,
629,4.560000e+00,2.800000e+00,
630,4.480000e+00,2.640000e+00,
631,4.800000e+00,2.960000e+00,
632,4.720000e+00,2.800000e+00,
633,4.480000e+00,3.120000e+00,
634,4.640000e+00,2.960000e+00,
635,4.480000e+00,3.200000e+00,
636,4.640000e+00,3.040000e+00,
637,4.400000e+00,3.360000e+00,
638,4.560000e+00,3.200000e+00,
639,4.320000e+00,3.440000e+00,
640,4.000000e+00,3.120000e+00,
641,4.880000e+00,3.840000e+00,
642,4.480000e+00,3.360000e+00,
643,4.240000e+00,3.680000e+00,
644,4.400000e+00,3.520000e+00,
645,4.160000e+00,3.760000e+00,
646,4.480000e+00,3.920000e+00,
647,3.840000e+00,3.440000e+00,
648,4.240000e+00,3.760000e+00,
649,4.000000e+00,4.000000e+00,
650,4.160000e+00,3.840000e+00,
651,3.920000e+00,4.080000e+00,
652,4.240000e+00,3.840000e+00,
653,3.680000e+00,4.320000e+00,
654,4.000000e+00,4.000000e+00,
655,3.680000e+00,4.320000e+00,
656,3.840000e+00,4.160000e+00,
657,3.600000e+00,4.400000e+00,
658,3.760000e+00,4.240000e+00,
659,3.440000e+00,4.480000e+00,
660,3.600000e+00,4.320000e+00,
661,3.360000e+00,4.560000e+00,
662,3.520000e+00,4.400000e+00,
663,3.280000e+00,4.560000e+00,
664,3.440000e+00,4.400000e+00,
665,3.120000e+00,4.640000e+00,
666,3.280000e+00,4.480000e+00,
667,3.040000e+00,4.720000e+00,
668,3.200000e+00,4.480000e+00,
669,2.880000e+00,4.720000e+00,
670,3.040000e+00,4.560000e+00,
671,2.800000e+00,4.800000e+00,
672,2.960000e+00,4.640000e+00,
673,2.640000e+00,4.800000e+00,
674,2.800000e+00,4.640000e+00,
675,2.480000e+00,4.800000e+00,
676,2.800000e+00,4.960000e+00,
677,2.320000e+00,4.560000e+00,
678,2.560000e+00,4.640000e+00,
679,2.240000e+00,4.880000e+00,
680,2.400000e+00,4.880000e+00,
681,2.080000e+00,4.640000e+00,
682,2.240000e+00,4.560000e+00,
683,1.920000e+00,4.880000e+00,
684,2.400000e+00,5.120000e+00,
685,1.520000e+00,4.400000e+00,
686,2.000000e+00,4.640000e+00,
687,1.680000e+00,4.800000e+00,
688,1.840000e+00,4.800000e+00,
689,1.520000e+00,4.560000e+00,
690,1.760000e+00,4.880000e+00,
691,1.360000e+00,4.480000e+00,
692,1.520000e+00,4.480000e+00,
693,1.200000e+00,4.720000e+00,
694,1.280000e+00,4.640000e+00,
695,1.040000e+00,4.400000e+00,
696,1.120000e+00,4.560000e+00,
697,8.000000e-01,4.320000e+00,
698,9.600000e-01,4.240000e+00,
699,6.400000e-01,4.560000e+00,
700,8.000000e-01,4.400000e+00,
701,4.800000e-01,4.160000e+00,
702,6.400000e-01,4.080000e+00,
703,2.400000e-01,4.400000e+00,
704,4.000000e-01,4.240000e+00,
705,8.000000e-02,4.000000e+00,
706,2.400000e-01,4.160000e+00,
707,-1.600000e-01,3.920000e+00,
708,0.000000e+00,4.000000e+00,
709,-3.200000e-01,3.840000e+00,
710,-1.600000e-01,3.920000e+00,
711,-4.800000e-01,3.680000e+00,
712,-4.000000e-01,3.840000e+00,
713,-7.200000e-01,3.600000e+00,
714,-5.600000e-01,3.760000e+00,
715,-8.800000e-01,3.440000e+00,
716,-4.800000e-01,3.920000e+00,
717,-1.200000e+00,3.200000e+00,
718,-9.600000e-01,3.520000e+00,
719,-1.200000e+00,3.200000e+00,
720,-1.040000e+00,3.440000e+00,
721,-1.440000e+00,3.120000e+00,
722,-1.280000e+00,3.280000e+00,
723,-1.600000e+00,3.040000e+00,
724,-1.440000e+00,3.200000e+00,
725,-1.760000e+00,2.880000e+00,
726,-1.600000e+00,3.040000e+00,
727,-1.920000e+00,2.800000e+00,
728,-1.680000e+00,2.960000e+00,
729,-2.080000e+00,2.640000e+00,
730,-1.920000e+00,2.800000e+00,
731,-2.240000e+00,2.480000e+00,
732,-2.400000e+00,2.320000e+00,
733,-2.000000e+00,2.720000e+00,
734,-2.160000e+00,2.480000e+00,
735,-2.480000e+00,2.240000e+00,
736,-2.320000e+00,2.400000e+00,
737,-2.640000e+00,2.080000e+00,
738,-2.480000e+00,2.240000e+00,
739,-2.720000e+00,1.920000e+00,
740,-2.560000e+00,2.080000e+00,
741,-2.880000e+00,1.760000e+00,
742,-2.720000e+00,1.920000e+00,
743,-2.960000e+00,1.680000e+00,
744,-2.800000e+00,1.760000e+00,
745,-3.120000e+00,1.520000e+00,
746,-2.960000e+00,1.600000e+00,
747,-3.200000e+00,1.280000e+00,
748,-3.040000e+00,1.520000e+00,
749,-3.360000e+00,1.120000e+00,
750,-3.200000e+00,1.280000e+00,
751,-3.440000e+00,9.600000e-01,
752,-3.760000e+00,6.400000e-01,
753,-3.120000e+00,1.200000e+00,
754,-3.440000e+00,9.600000e-01,
755,-3.680000e+00,5.600000e-01,
756,-3.520000e+00,7.200000e-01,
757,-3.760000e+00,4.000000e-01,
758,-3.600000e+00,5.600000e-01,
759,-3.920000e+00,2.400000e-01,
760,-3.760000e+00,4.000000e-01,
761,-4.000000e+00,0.000000e+00,
762,-3.840000e+00,1.600000e-01,
763,-4.080000e+00,-1.600000e-01,
764,-3.920000e+00,0.000000e+00,
765,-4.160000e+00,-4.000000e-01,
766,-4.000000e+00,-2.400000e-01,
767,-4.240000e+00,-5.600000e-01,
768,-4.160000e+00,-4.000000e-01,
769,-4.320000e+00,-7.200000e-01,
770,-4.080000e+00,-5.600000e-01,
771,-4.480000e+00,-9.600000e-01,
772,-4.240000e+00,-8.000000e-01,
773,-4.560000e+00,-1.200000e+00,
774,-4.160000e+00,-8.000000e-01,
775,-4.560000e+00,-1.280000e+00,
776,-4.400000e+00,-1.120000e+00,
777,-4.560000e+00,-1.440000e+00,
778,-4.400000e+00,-1.280000e+00,
779,-4.640000e+00,-1.600000e+00,
780,-4.400000e+00,-1.440000e+00,
781,-4.720000e+00,-1.760000e+00,
782,-4.720000e+00,-1.600000e+00,
783,-4.480000e+00,-2.000000e+00,
784,-4.560000e+00,-1.760000e+00,
785,-4.720000e+00,-2.160000e+00,
786,-4.720000e+00,-1.920000e+00,
787,-4.560000e+00,-2.240000e+00,
788,-4.720000e+00,-2.080000e+00,
789,-4.560000e+00,-2.400000e+00,
790,-4.800000e+00,-2.480000e+00,
791,-4.480000e+00,-2.160000e+00,
792,-4.720000e+00,-2.320000e+00,
793,-4.560000e+00,-2.640000e+00,
794,-4.560000e+00,-2.480000e+00,
795,-4.720000e+00,-2.800000e+00,
796,-4.720000e+00,-2.640000e+00,
797,-4.480000e+00,-2.960000e+00,
798,-4.640000e+00,-2.720000e+00,
799,-4.480000e+00,-3.040000e+00,
800,-4.880000e+00,-3.280000e+00,
801,-4.240000e+00,-2.720000e+00,
802,-4.560000e+00,-3.040000e+00,
803,-4.320000e+00,-3.280000e+00,
804,-4.720000e+00,-3.120000e+00,
805,-4.240000e+00,-3.600000e+00,
806,-4.160000e+00,-3.120000e+00,
807,-4.720000e+00,-3.600000e+00,
808,-4.400000e+00,-3.360000e+00,
809,-4.160000e+00,-3.600000e+00,
810,-4.320000e+00,-3.440000e+00,
811,-4.080000e+00,-3.680000e+00,
812,-4.240000e+00,-3.600000e+00,
813,-4.000000e+00,-3.840000e+00,
814,-4.160000e+00,-3.680000e+00,
815,-3.920000e+00,-3.920000e+00,
816,-4.080000e+00,-3.680000e+00,
817,-3.840000e+00,-4.080000e+00,
818,-3.920000e+00,-3.840000e+00,
819,-3.680000e+00,-4.160000e+00,
820,-3.840000e+00,-4.000000e+00,
821,-3.600000e+00,-4.240000e+00,
822,-3.760000e+00,-4.080000e+00,
823,-3.440000e+00,-4.320000e+00,
824,-3.680000e+00,-4.160000e+00,
825,-3.360000e+00,-4.400000e+00,
826,-3.520000e+00,-4.240000e+00,
827,-3.280000e+00,-4.480000e+00,
828,-2.960000e+00,-4.080000e+00,
829,-3.680000e+00,-4.800000e+00,
830,-3.280000e+00,-4.320000e+00,
831,-3.040000e+00,-4.560000e+00,
832,-3.520000e+00,-5.040000e+00,
833,-2.480000e+00,-4.080000e+00,
834,-3.040000e+00,-4.640000e+00,
835,-2.800000e+00,-4.400000e+00,
836,-2.560000e+00,-4.800000e+00,
837,-3.040000e+00,-4.320000e+00,
838,-2.880000e+00,-4.800000e+00,
839,-2.400000e+00,-4.400000e+00,
840,-2.720000e+00,-4.560000e+00,
841,-2.400000e+00,-4.720000e+00,
842,-2.560000e+00,-4.560000e+00,
843,-2.240000e+00,-4.720000e+00,
844,-2.400000e+00,-4.720000e+00,
845,-2.160000e+00,-4.560000e+00,
846,-2.240000e+00,-4.720000e+00,
847,-2.000000e+00,-4.560000e+00,
848,-2.160000e+00,-4.560000e+00,
849,-1.840000e+00,-4.720000e+00,
850,-2.000000e+00,-4.560000e+00,
851,-1.680000e+00,-4.720000e+00,
852,-1.840000e+00,-4.720000e+00,
853,-1.520000e+00,-4.480000e+00,
854,-1.120000e+00,-4.160000e+00,
855,-2.000000e+00,-4.880000e+00,
856,-1.520000e+00,-4.640000e+00,
857,-1.200000e+00,-4.400000e+00,
858,-1.360000e+00,-4.240000e+00,
859,-9.600000e-01,-4.640000e+00,
860,-1.200000e+00,-4.480000e+00,
861,-8.800000e-01,-4.240000e+00,
862,-1.040000e+00,-4.480000e+00,
863,-7.200000e-01,-4.240000e+00,
864,-8.000000e-01,-4.400000e+00,
865,-4.800000e-01,-4.160000e+00,
866,-1.600000e-01,-4.320000e+00,
867,-7.200000e-01,-4.000000e+00,
868,8.000000e-02,-3.760000e+00,
869,-7.200000e-01,-4.480000e+00,
870,-3.200000e-01,-4.160000e+00,
871,8.000000e-02,-3.920000e+00,
872,-8.000000e-02,-4.000000e+00,
873,2.400000e-01,-3.760000e+00,
874,8.000000e-02,-3.920000e+00,
875,5.600000e-01,-3.520000e+00,
876,7.200000e-01,-3.440000e+00,
877,8.000000e-02,-4.080000e+00,
878,4.800000e-01,-3.680000e+00,
879,8.000000e-01,-3.440000e+00,
880,6.400000e-01,-3.600000e+00,
881,1.040000e+00,-3.360000e+00,
882,8.000000e-01,-3.520000e+00,
883,1.200000e+00,-3.280000e+00,
884,1.040000e+00,-3.440000e+00,
885,1.360000e+00,-3.120000e+00,
886,1.120000e+00,-2.960000e+00,
887,1.600000e+00,-3.360000e+00,
888,1.360000e+00,-3.200000e+00,
889,1.680000e+00,-2.880000e+00,
890,1.520000e+00,-3.040000e+00,
891,1.840000e+00,-2.800000e+00,
892,1.680000e+00,-2.960000e+00,
893,2.000000e+00,-2.640000e+00,
894,1.840000e+00,-2.800000e+00,
895,2.160000e+00,-2.560000e+00,
896,2.000000e+00,-2.720000e+00,
897,2.320000e+00,-2.400000e+00,
898,2.160000e+00,-2.560000e+00,
899,2.400000e+00,-2.320000e+00,
900,2.080000e+00,-2.560000e+00,
901,2.720000e+00,-2.000000e+00,
902,2.400000e+00,-2.320000e+00,
903,2.720000e+00,-2.000000e+00,
904,2.560000e+00,-2.160000e+00,
905,2.800000e+00,-1.840000e+00,
906,2.640000e+00,-2.000000e+00,
907,2.960000e+00,-1.680000e+00,
908,2.800000e+00,-1.840000e+00,
909,3.120000e+00,-1.520000e+00,
910,3.280000e+00,-1.360000e+00,
911,2.800000e+00,-1.760000e+00,
912,3.040000e+00,-1.520000e+00,
913,3.360000e+00,-1.200000e+00,
914,3.120000e+00,-1.360000e+00,
915,3.440000e+00,-1.040000e+00,
916,3.280000e+00,-1.200000e+00,
917,3.520000e+00,-8.800000e-01,
918,3.360000e+00,-1.040000e+00,
919,3.680000e+00,-6.400000e-01,
920,3.520000e+00,-8.800000e-01,
921,3.760000e+00,-4.800000e-01,
922,3.600000e+00,-6.400000e-01,
923,3.920000e+00,-2.400000e-01,
924,3.760000e+00,-4.800000e-01,
925,4.000000e+00,-8.000000e-02,
926,3.840000e+00,-2.400000e-01,
927,4.080000e+00,8.000000e-02,
928,4.240000e+00,2.400000e-01,
929,3.840000e+00,-1.600000e-01,
930,4.080000e+00,1.600000e-01,
931,4.320000e+00,4.800000e-01,
932,4.160000e+00,3.200000e-01,
933,4.400000e+00,6.400000e-01,
934,4.240000e+00,4.800000e-01,
935,4.480000e+00,8.800000e-01,
936,4.240000e+00,6.400000e-01,
937,4.640000e+00,1.120000e+00,
938,4.240000e+00,7.200000e-01,
939,4.640000e+00,1.200000e+00,
940,4.880000e+00,1.600000e+00,
941,4.160000e+00,9.600000e-01,
942,4.480000e+00,1.280000e+00,
943,4.720000e+00,1.520000e+00,
944,4.560000e+00,1.440000e+00,
945,4.720000e+00,1.760000e+00,
946,4.560000e+00,1.600000e+00,
947,4.800000e+00,1.920000e+00,
948,4.640000e+00,1.760000e+00,
949,4.800000e+00,2.080000e+00,
950,4.640000e+00,1.920000e+00,
951,4.800000e+00,2.240000e+00,
952,4.640000e+00,2.080000e+00,
953,4.880000e+00,2.400000e+00,
954,4.880000e+00,2.240000e+00,
955,4.560000e+00,2.560000e+00,
956,5.040000e+00,2.640000e+00,
957,4.480000e+00,2.240000e+00,
958,5.040000e+00,2.880000e+00,
959,4.480000e+00,2.400000e+00,
960,4.960000e+00,2.960000e+00,
961,4.400000e+00,2.480000e+00,
962,4.800000e+00,2.720000e+00,
963,4.560000e+00,3.040000e+00,
964,4.720000e+00,2.880000e+00,
965,4.560000e+00,3.120000e+00,
966,4.720000e+00,3.040000e+00,
967,4.480000e+00,3.280000e+00,
968,4.640000e+00,3.120000e+00,
969,4.400000e+00,3.440000e+00,
970,4.560000e+00,3.280000e+00,
971,4.400000e+00,3.520000e+00,
972,4.560000e+00,3.360000e+00,
973,4.320000e+00,3.600000e+00,
974,4.480000e+00,3.520000e+00,
975,4.240000e+00,3.760000e+00,
976,4.400000e+00,3.600000e+00,
977,4.080000e+00,3.840000e+00,
978,4.400000e+00,3.680000e+00,
979,4.000000e+00,4.000000e+00,
980,4.240000e+00,3.760000e+00,
981,4.000000e+00,4.080000e+00,
982,3.840000e+00,3.840000e+00,
983,4.160000e+00,4.160000e+00,
984,4.000000e+00,4.000000e+00,
985,3.760000e+00,4.240000e+00,
986,3.920000e+00,4.080000e+00,
987,3.680000e+00,4.320000e+00,
988,3.760000e+00,4.160000e+00,
989,3.520000e+00,4.400000e+00,
990,3.680000e+00,4.240000e+00,
991,3.440000e+00,4.480000e+00,
992,3.600000e+00,4.320000e+00,
993,3.280000e+00,4.560000e+00,
994,3.440000e+00,4.400000e+00,
995,3.200000e+00,4.640000e+00,
996,3.360000e+00,4.400000e+00,
997,3.040000e+00,4.640000e+00,
998,3.280000e+00,4.480000e+00,
999,2.960000e+00,4.720000e+00,
1000,3.120000e+00,4.720000e+00,
1001,2.800000e+00,4.480000e+00,
1002,2.320000e+00,4.240000e+00,
1003,3.280000e+00,5.040000e+00,
1004,2.800000e+00,4.560000e+00,
1005,2.480000e+00,4.880000e+00,
1006,2.720000e+00,4.640000e+00,
1007,2.400000e+00,4.800000e+00,
1008,2.320000e+00,4.560000e+00,
1009,2.640000e+00,4.960000e+00,
1010,2.480000e+00,4.640000e+00,
1011,2.160000e+00,4.800000e+00,
1012,2.400000e+00,4.880000e+00,
1013,2.000000e+00,4.560000e+00,
1014,2.160000e+00,4.640000e+00,
1015,1.840000e+00,4.800000e+00,
1016,2.000000e+00,4.720000e+00,
1017,1.760000e+00,4.560000e+00,
1018,2.080000e+00,4.960000e+00,
1019,1.360000e+00,4.320000e+00,
1020,1.760000e+00,4.720000e+00,
1021,1.440000e+00,4.400000e+00,
1022,1.520000e+00,4.640000e+00,
1023,1.280000e+00,4.400000e+00,
1024,1.120000e+00,4.320000e+00,
1025,1.440000e+00,4.640000e+00,
1026,1.200000e+00,4.560000e+00,
1027,8.800000e-01,4.320000e+00,
1028,1.040000e+00,4.480000e+00,
1029,7.200000e-01,4.240000e+00,
1030,8.800000e-01,4.400000e+00,
1031,5.600000e-01,4.160000e+00,
1032,7.200000e-01,4.320000e+00,
1033,3.200000e-01,4.080000e+00,
1034,7.200000e-01,3.840000e+00,
1035,8.000000e-02,4.400000e+00,
1036,3.200000e-01,4.160000e+00,
1037,0.000000e+00,3.920000e+00,
1038,8.000000e-02,4.000000e+00,
1039,-2.400000e-01,3.760000e+00,
1040,-8.000000e-02,3.920000e+00,
1041,-4.000000e-01,3.680000e+00,
1042,-3.200000e-01,3.840000e+00,
1043,-6.400000e-01,3.600000e+00,
1044,-4.800000e-01,3.680000e+00,
1045,-8.000000e-01,3.440000e+00,
1046,-6.400000e-01,3.600000e+00,
1047,-9.600000e-01,3.360000e+00,
1048,-8.000000e-01,3.520000e+00,
1049,-1.200000e+00,3.200000e+00,
1050,-1.040000e+00,3.360000e+00,
1051,-1.360000e+00,3.120000e+00,
1052,-1.200000e+00,3.280000e+00,
1053,-1.520000e+00,3.040000e+00,
1054,-1.360000e+00,3.200000e+00,
1055,-1.680000e+00,2.960000e+00,
1056,-1.520000e+00,3.040000e+00,
1057,-1.840000e+00,2.800000e+00,
1058,-1.680000e+00,2.960000e+00,
1059,-2.000000e+00,2.640000e+00,
1060,-1.760000e+00,2.880000e+00,
1061,-2.240000e+00,2.480000e+00,
1062,-2.000000e+00,2.720000e+00,
1063,-2.320000e+00,2.400000e+00,
1064,-2.160000e+00,2.560000e+00,
1065,-2.400000e+00,2.320000e+00,
1066,-2.240000e+00,2.400000e+00,
1067,-2.720000e+00,2.000000e+00,
1068,-2.400000e+00,2.320000e+00,
1069,-2.720000e+00,2.000000e+00,
1070,-2.480000e+00,2.160000e+00,
1071,-2.800000e+00,1.840000e+00,
1072,-2.640000e+00,2.000000e+00,
1073,-3.040000e+00,1.600000e+00,
1074,-2.720000e+00,1.920000e+00,
1075,-3.040000e+00,1.520000e+00,
1076,-2.880000e+00,1.680000e+00,
1077,-3.200000e+00,1.360000e+00,
1078,-3.040000e+00,1.520000e+00,
1079,-3.280000e+00,1.200000e+00,
1080,-3.120000e+00,1.360000e+00,
1081,-3.360000e+00,1.040000e+00,
1082,-3.280000e+00,1.200000e+00,
1083,-3.520000e+00,8.800000e-01,
1084,-3.360000e+00,9.600000e-01,
1085,-3.760000e+00,5.600000e-01,
1086,-3.440000e+00,8.000000e-01,
1087,-3.760000e+00,4.800000e-01,
1088,-3.600000e+00,6.400000e-01,
1089,-3.840000e+00,3.200000e-01,
1090,-3.680000e+00,4.000000e-01,
1091,-3.920000e+00,8.000000e-02,
1092,-3.760000e+00,2.400000e-01,
1093,-4.080000e+00,-1.600000e-01,
1094,-4.160000e+00,8.000000e-02,
1095,-3.840000e+00,-3.200000e-01,
1096,-4.000000e+00,-1.600000e-01,
1097,-4.320000e+00,-5.600000e-01,
1098,-4.080000e+00,-3.200000e-01,
1099,-4.320000e+00,-6.400000e-01,
1100,-4.160000e+00,-4.800000e-01,
1101,-4.320000e+00,-8.000000e-01,
1102,-4.240000e+00,-7.200000e-01,
1103,-4.400000e+00,-1.040000e+00,
1104,-4.320000e+00,-8.800000e-01,
1105,-4.480000e+00,-1.200000e+00,
1106,-4.320000e+00,-1.040000e+00,
1107,-4.560000e+00,-1.360000e+00,
1108,-4.400000e+00,-1.200000e+00,
1109,-4.560000e+00,-1.520000e+00,
1110,-4.400000e+00,-1.360000e+00,
1111,-4.640000e+00,-1.680000e+00,
1112,-4.480000e+00,-1.520000e+00,
1113,-4.640000e+00,-1.840000e+00,
1114,-4.480000e+00,-1.680000e+00,
1115,-4.720000e+00,-2.000000e+00,
1116,-4.560000e+00,-1.840000e+00,
1117,-4.720000e+00,-2.160000e+00,
1118,-4.560000e+00,-2.000000e+00,
1119,-4.720000e+00,-2.320000e+00,
1120,-4.560000e+00,-2.160000e+00,
1121,-4.720000e+00,-2.400000e+00,
1122,-4.560000e+00,-2.320000e+00,
1123,-4.720000e+00,-2.560000e+00,
1124,-4.560000e+00,-2.400000e+00,
1125,-4.720000e+00,-2.720000e+00,
1126,-4.320000e+00,-2.480000e+00,
1127,-4.880000e+00,-2.960000e+00,
1128,-4.320000e+00,-2.480000e+00,
1129,-4.960000e+00,-3.120000e+00,
1130,-4.640000e+00,-2.800000e+00,
1131,-4.400000e+00,-3.040000e+00,
1132,-4.560000e+00,-2.880000e+00,
1133,-4.320000e+00,-3.200000e+00,
1134,-4.560000e+00,-3.040000e+00,
1135,-4.320000e+00,-3.280000e+00,
1136,-4.480000e+00,-3.120000e+00,
1137,-4.240000e+00,-3.360000e+00,
1138,-4.400000e+00,-3.280000e+00,
1139,-4.240000e+00,-3.520000e+00,
1140,-4.000000e+00,-3.200000e+00,
1141,-4.480000e+00,-3.680000e+00,
1142,-4.000000e+00,-3.440000e+00,
1143,-4.320000e+00,-3.760000e+00,
1144,-4.160000e+00,-3.520000e+00,
1145,-3.920000e+00,-3.840000e+00,
1146,-4.080000e+00,-3.680000e+00,
1147,-3.840000e+00,-3.920000e+00,
1148,-4.000000e+00,-3.760000e+00,
1149,-3.760000e+00,-4.000000e+00,
1150,-3.920000e+00,-3.840000e+00,
1151,-3.600000e+00,-4.240000e+00,
1152,-4.080000e+00,-3.840000e+00,
1153,-3.440000e+00,-4.400000e+00,
1154,-3.680000e+00,-4.240000e+00,
1155,-3.440000e+00,-4.000000e+00,
1156,-3.600000e+00,-4.160000e+00,
1157,-3.280000e+00,-4.480000e+00,
1158,-3.440000e+00,-4.240000e+00,
1159,-3.200000e+00,-4.400000e+00,
1160,-3.360000e+00,-4.240000e+00,
1161,-3.120000e+00,-4.480000e+00,
1162,-3.280000e+00,-4.320000e+00,
1163,-2.960000e+00,-4.560000e+00,
1164,-3.120000e+00,-4.640000e+00,
1165,-2.800000e+00,-4.320000e+00,
1166,-3.040000e+00,-4.400000e+00,
1167,-2.720000e+00,-4.640000e+00,
1168,-2.880000e+00,-4.480000e+00,
1169,-2.640000e+00,-4.640000e+00,
1170,-2.800000e+00,-4.640000e+00,
1171,-2.480000e+00,-4.480000e+00,
1172,-2.640000e+00,-4.560000e+00,
1173,-2.400000e+00,-4.720000e+00,
1174,-2.560000e+00,-4.560000e+00,
1175,-2.240000e+00,-4.720000e+00,
1176,-2.400000e+00,-4.560000e+00,
1177,-2.160000e+00,-4.720000e+00,
1178,-2.240000e+00,-4.560000e+00,
1179,-2.000000e+00,-4.720000e+00,
1180,-2.160000e+00,-4.720000e+00,
1181,-1.760000e+00,-4.400000e+00,
1182,-2.000000e+00,-4.720000e+00,
1183,-1.680000e+00,-4.480000e+00,
1184,-1.840000e+00,-4.640000e+00,
1185,-1.520000e+00,-4.480000e+00,
1186,-1.680000e+00,-4.640000e+00,
1187,-1.360000e+00,-4.400000e+00,
1188,-1.520000e+00,-4.560000e+00,
1189,-1.200000e+00,-4.400000e+00,
1190,-1.360000e+00,-4.560000e+00,
1191,-1.040000e+00,-4.320000e+00,
1192,-1.200000e+00,-4.480000e+00,
1193,-8.800000e-01,-4.240000e+00,
1194,-1.040000e+00,-4.400000e+00,
1195,-7.200000e-01,-4.160000e+00,
1196,-8.800000e-01,-4.320000e+00,
1197,-5.600000e-01,-4.160000e+00,
1198,-6.400000e-01,-4.320000e+00,
1199,-4.000000e-01,-4.080000e+00,
1200,-4.800000e-01,-4.240000e+00,
1201,-1.600000e-01,-3.920000e+00,
1202,-3.200000e-01,-4.080000e+00,
1203,0.000000e+00,-3.840000e+00,
1204,-8.000000e-02,-3.760000e+00,
1205,2.400000e-01,-4.080000e+00,
1206,-8.000000e-02,-3.600000e+00,
1207,4.800000e-01,-4.160000e+00,
1208,2.400000e-01,-3.840000e+00,
1209,5.600000e-01,-3.600000e+00,
1210,4.800000e-01,-3.680000e+00,
1211,8.000000e-01,-3.440000e+00,
1212,6.400000e-01,-3.600000e+00,
1213,9.600000e-01,-3.360000e+00,
1214,8.000000e-01,-3.520000e+00,
1215,1.120000e+00,-3.280000e+00,
1216,1.040000e+00,-3.440000e+00,
1217,1.280000e+00,-3.120000e+00,
1218,1.200000e+00,-3.280000e+00,
1219,1.440000e+00,-3.040000e+00,
1220,1.360000e+00,-3.200000e+00,
1221,1.600000e+00,-2.880000e+00,
1222,1.280000e+00,-3.280000e+00,
1223,1.920000e+00,-2.720000e+00,
1224,1.680000e+00,-2.960000e+00,
1225,2.000000e+00,-2.640000e+00,
1226,1.840000e+00,-2.800000e+00,
1227,2.240000e+00,-2.400000e+00,
1228,1.840000e+00,-2.800000e+00,
1229,2.240000e+00,-2.400000e+00,
1230,2.080000e+00,-2.560000e+00,
1231,2.400000e+00,-2.320000e+00,
1232,2.240000e+00,-2.400000e+00,
1233,2.480000e+00,-2.160000e+00,
1234,2.400000e+00,-2.320000e+00,
1235,2.720000e+00,-1.920000e+00,
1236,2.480000e+00,-2.160000e+00,
1237,2.720000e+00,-1.840000e+00,
1238,2.640000e+00,-2.000000e+00,
1239,2.880000e+00,-1.680000e+00,
1240,2.720000e+00,-1.840000e+00,
1241,3.040000e+00,-1.520000e+00,
1242,2.880000e+00,-1.680000e+00,
1243,3.120000e+00,-1.360000e+00,
1244,2.960000e+00,-1.520000e+00,
1245,3.280000e+00,-1.200000e+00,
1246,3.040000e+00,-1.360000e+00,
1247,3.440000e+00,-1.040000e+00,
1248,3.600000e+00,-1.280000e+00,
1249,3.120000e+00,-8.000000e-01,
1250,3.280000e+00,-1.040000e+00,
1251,3.600000e+00,-6.400000e-01,
1252,3.360000e+00,-8.000000e-01,
1253,3.920000e+00,-4.000000e-01,
1254,3.520000e+00,-6.400000e-01,
1255,3.760000e+00,-3.200000e-01,
1256,3.680000e+00,-4.800000e-01,
1257,3.920000e+00,-1.600000e-01,
1258,3.680000e+00,-3.200000e-01,
1259,4.000000e+00,8.000000e-02,
1260,3.840000e+00,-8.000000e-02,
1261,4.080000e+00,2.400000e-01,
1262,3.920000e+00,8.000000e-02,
1263,4.160000e+00,4.000000e-01,
1264,4.000000e+00,3.200000e-01,
1265,4.240000e+00,6.400000e-01,
1266,4.080000e+00,4.800000e-01,
1267,4.400000e+00,8.000000e-01,
1268,4.160000e+00,6.400000e-01,
1269,4.400000e+00,9.600000e-01,
1270,4.240000e+00,8.000000e-01,
1271,4.480000e+00,1.200000e+00,
1272,4.320000e+00,1.040000e+00,
1273,4.560000e+00,1.360000e+00,
1274,4.400000e+00,1.200000e+00,
1275,4.560000e+00,1.520000e+00,
1276,4.400000e+00,1.360000e+00,
1277,4.640000e+00,1.680000e+00,
1278,4.480000e+00,1.520000e+00,
1279,4.640000e+00,1.840000e+00,
1280,4.800000e+00,1.680000e+00,
1281,4.400000e+00,2.080000e+00,
1282,4.720000e+00,1.840000e+00,
1283,4.480000e+00,2.160000e+00,
1284,4.560000e+00,2.000000e+00,
1285,4.720000e+00,2.240000e+00,
1286,4.560000e+00,2.160000e+00,
1287,4.720000e+00,2.400000e+00,
1288,4.960000e+00,2.720000e+00,
1289,4.240000e+00,2.160000e+00,
1290,4.960000e+00,2.240000e+00,
1291,4.320000e+00,2.800000e+00,
1292,4.720000e+00,2.560000e+00,
1293,4.480000e+00,2.800000e+00,
1294,4.720000e+00,2.560000e+00,
1295,4.320000e+00,2.960000e+00,
1296,4.640000e+00,2.800000e+00,
1297,4.480000e+00,3.040000e+00,
1298,4.640000e+00,2.880000e+00,
1299,4.400000e+00,3.200000e+00,
1300,4.640000e+00,3.040000e+00,
1301,4.320000e+00,3.360000e+00,
1302,4.560000e+00,3.120000e+00,
1303,4.320000e+00,3.440000e+00,
1304,4.560000e+00,3.200000e+00,
1305,4.160000e+00,3.680000e+00,
1306,4.400000e+00,3.360000e+00,
1307,4.160000e+00,3.600000e+00,
1308,4.320000e+00,3.520000e+00,
1309,4.160000e+00,3.760000e+00,
1310,4.240000e+00,3.600000e+00,
1311,4.080000e+00,3.840000e+00,
1312,4.160000e+00,3.680000e+00,
1313,4.000000e+00,3.920000e+00,
1314,4.080000e+00,3.760000e+00,
1315,3.840000e+00,4.080000e+00,
1316,4.000000e+00,3.920000e+00,
1317,3.760000e+00,4.160000e+00,
1318,3.920000e+00,3.920000e+00,
1319,3.520000e+00,4.320000e+00,
1320,3.920000e+00,4.080000e+00,
1321,3.520000e+00,4.320000e+00,
1322,3.760000e+00,4.160000e+00,
1323,3.440000e+00,4.400000e+00,
1324,3.600000e+00,4.240000e+00,
1325,3.360000e+00,4.480000e+00,
1326,3.520000e+00,4.320000e+00,
1327,3.280000e+00,4.560000e+00,
1328,3.440000e+00,4.400000e+00,
1329,3.120000e+00,4.640000e+00,
1330,3.360000e+00,4.400000e+00,
1331,3.040000e+00,4.640000e+00,
1332,3.200000e+00,4.480000e+00,
1333,2.880000e+00,4.720000e+00,
1334,3.040000e+00,4.560000e+00,
1335,2.800000e+00,4.720000e+00,
1336,2.960000e+00,4.560000e+00,
1337,2.640000e+00,4.800000e+00,
1338,2.800000e+00,4.640000e+00,
1339,2.560000e+00,4.800000e+00,
1340,2.720000e+00,4.800000e+00,
1341,2.400000e+00,4.640000e+00,
1342,2.560000e+00,4.640000e+00,
1343,2.240000e+00,4.880000e+00,
1344,2.400000e+00,4.640000e+00,
1345,2.160000e+00,4.880000e+00,
1346,2.400000e+00,4.560000e+00,
1347,2.000000e+00,4.880000e+00,
1348,2.160000e+00,4.560000e+00,
1349,1.760000e+00,4.880000e+00,
1350,2.080000e+00,4.960000e+00,
1351,1.680000e+00,4.560000e+00,
1352,1.840000e+00,4.800000e+00,
1353,1.520000e+00,4.560000e+00,
1354,1.680000e+00,4.720000e+00,
1355,1.360000e+00,4.560000e+00,
1356,1.520000e+00,4.720000e+00,
1357,1.200000e+00,4.480000e+00,
1358,1.360000e+00,4.640000e+00,
1359,1.040000e+00,4.400000e+00,
1360,1.200000e+00,4.560000e+00,
1361,8.000000e-01,4.320000e+00,
1362,9.600000e-01,4.560000e+00,
1363,6.400000e-01,4.240000e+00,
1364,8.000000e-01,4.400000e+00,
1365,4.800000e-01,4.160000e+00,
1366,6.400000e-01,4.320000e+00,
1367,3.200000e-01,4.160000e+00,
1368,4.800000e-01,4.320000e+00,
1369,-1.600000e-01,3.840000e+00,
1370,2.400000e-01,4.160000e+00,
1371,-8.000000e-02,3.920000e+00,
1372,8.000000e-02,4.080000e+00,
1373,-3.200000e-01,3.840000e+00,
1374,-1.600000e-01,4.000000e+00,
1375,-4.800000e-01,3.760000e+00,
1376,-3.200000e-01,3.840000e+00,
1377,-7.200000e-01,3.600000e+00,
1378,-5.600000e-01,3.760000e+00,
1379,-8.800000e-01,3.520000e+00,
1380,-7.200000e-01,3.680000e+00,
1381,-1.040000e+00,3.360000e+00,
1382,-8.800000e-01,3.520000e+00,
1383,-1.200000e+00,3.280000e+00,
1384,-1.120000e+00,3.440000e+00,
1385,-1.360000e+00,3.200000e+00,
1386,-1.280000e+00,3.280000e+00,
1387,-1.520000e+00,3.040000e+00,
1388,-1.440000e+00,3.200000e+00,
1389,-1.760000e+00,2.880000e+00,
1390,-1.600000e+00,3.040000e+00,
1391,-1.920000e+00,2.800000e+00,
1392,-1.760000e+00,2.960000e+00,
1393,-2.080000e+00,2.640000e+00,
1394,-2.240000e+00,2.480000e+00,
1395,-1.760000e+00,2.880000e+00,
1396,-2.080000e+00,2.640000e+00,
1397,-2.320000e+00,2.400000e+00,
1398,-2.080000e+00,2.720000e+00,
1399,-2.640000e+00,2.160000e+00,
